epoch,average_reward,final_reward
0,-1.5296449052067635,-10000
1,-3.4486898782489033,-10000
2,-1.9563105667442628,10000
