epoch,average_reward,final_reward
0,1.865119764318807,-10000
1,-20.609248152765872,-10000
2,-7.0554117919678605,-10000
